loc,Depot,A,B,C,E
Depot,0.0,5.830951894845301,5.656854249492381,13.152946437965905,15.524174696260024
A,5.830951894845301,0.0,7.0710678118654755,10.44030650891055,12.206555615733702
B,5.656854249492381,7.0710678118654755,0.0,17.11724276862369,11.0
C,13.152946437965905,10.44030650891055,17.11724276862369,0.0,21.400934559032695
E,15.524174696260024,12.206555615733702,11.0,21.400934559032695,0.0
